{
  "sapui5-custom-components/.git/hooks/update.sample": 1707893788716,
  "controller/MyStartUI.controller.js": 1707818754496,
  "utils/locate-reuse-libs.js": 1707815989125,
  "model/models.js": 1707815989125,
  "manifest.json": 1707895701686,
  "controller/App.controller.js": 1707815989129,
  "Component.js": 1707815989121,
  "Component-preload.js": 1707895702066,
  "utils/locate-reuse-libs-dbg.js": 1707815989125,
  "model/models-dbg.js": 1707815989125,
  "controller/MyStartUI-dbg.controller.js": 1707818754496,
  "controller/App-dbg.controller.js": 1707815989129,
  "Component-dbg.js": 1707815989121,
  "sapui5-custom-components/.git/logs/refs/remotes/origin/HEAD": 1707893830211,
  "sapui5-custom-components/.git/refs/remotes/origin/HEAD": 1707893830211,
  "sapui5-custom-components/.git/logs/refs/heads/main": 1707893830215,
  "sapui5-custom-components/.git/refs/heads/main": 1707893830215,
  "sapui5-custom-components/.git/objects/pack/pack-1dcc5ce9ca177fa4571c7ac20bf1438c2adb1c72.pack": 1707893830159,
  "sapui5-custom-components/.git/objects/pack/pack-1dcc5ce9ca177fa4571c7ac20bf1438c2adb1c72.idx": 1707893830159,
  "sapui5-custom-components/.git/logs/HEAD": 1707893830215,
  "sapui5-custom-components/.git/info/exclude": 1707893788720,
  "i18n/i18n.properties": 1707821532267,
  "sapui5-custom-components/.git/hooks/push-to-checkout.sample": 1707893788716,
  "sapui5-custom-components/.git/hooks/prepare-commit-msg.sample": 1707893788716,
  "sapui5-custom-components/.git/hooks/pre-receive.sample": 1707893788712,
  "sapui5-custom-components/.git/hooks/pre-rebase.sample": 1707893788720,
  "sapui5-custom-components/.git/hooks/pre-push.sample": 1707893788716,
  "sapui5-custom-components/.git/hooks/pre-merge-commit.sample": 1707893788716,
  "sapui5-custom-components/.git/hooks/pre-commit.sample": 1707893788716,
  "sapui5-custom-components/.git/hooks/pre-applypatch.sample": 1707893788720,
  "sapui5-custom-components/.git/hooks/post-update.sample": 1707893788712,
  "sapui5-custom-components/.git/hooks/fsmonitor-watchman.sample": 1707893788716,
  "sapui5-custom-components/.git/hooks/commit-msg.sample": 1707893788712,
  "sapui5-custom-components/.git/hooks/applypatch-msg.sample": 1707893788720,
  "sapui5-custom-components/.git/packed-refs": 1707893830211,
  "sapui5-custom-components/.git/index": 1707893830223,
  "sapui5-custom-components/.git/description": 1707893788720,
  "sapui5-custom-components/.git/config": 1707893830215,
  "sapui5-custom-components/.git/HEAD": 1707893830211,
  "view/MyStartUI.view.xml": 1707816008009,
  "view/App.view.xml": 1707815989133,
  "sapui5-custom-components/.gitattributes": 1707893830223,
  "css/style.css": 1707815989129,
  "index.html": 1707821532267
}